{"stat.useItem.minecraft.bow":534,"stat.useItem.minecraft.quartz_block":1278,"stat.useItem.minecraft.painting":33,"stat.leaveGame":1397,"stat.useItem.minecraft.bookshelf":22,"stat.useItem.minecraft.soul_sand":975,"stat.killEntity.Blaze":1,"stat.useItem.minecraft.glowstone":3720,"stat.killEntity.PigZombie":11,"stat.useItem.minecraft.planks":711,"stat.useItem.minecraft.nether_brick_stairs":411,"stat.useItem.minecraft.red_sandstone_stairs":58,"stat.useItem.minecraft.diamond_hoe":251,"stat.useItem.minecraft.sandstone_stairs":656,"stat.useItem.minecraft.activator_rail":1,"stat.useItem.minecraft.vine":880,"stat.useItem.minecraft.rail":3,"stat.killEntity.Enderman":2,"stat.useItem.minecraft.anvil":46,"stat.useItem.minecraft.ender_pearl":1,"stat.useItem.minecraft.brown_mushroom":10,"stat.mineBlock.minecraft.sand":2,"stat.killEntity.Witch":7,"stat.useItem.minecraft.fence_gate":3,"stat.useItem.minecraft.spawn_egg":653,"stat.trappedChestTriggered":103,"stat.useItem.minecraft.hardened_clay":53,"stat.useItem.minecraft.oak_stairs":7,"stat.furnaceInteraction":41,"stat.useItem.minecraft.dark_oak_stairs":445,"stat.useItem.minecraft.end_stone":194,"stat.useItem.minecraft.double_plant":1886,"stat.useItem.minecraft.redstone":2249,"stat.useItem.minecraft.red_sandstone":88,"achievement.mineWood":2,"stat.useItem.minecraft.stained_glass":7,"stat.useItem.minecraft.fence":258,"stat.useItem.minecraft.stone_stairs":247,"stat.useItem.minecraft.dark_oak_door":21,"stat.useItem.minecraft.acacia_fence":237,"stat.useItem.minecraft.ice":10,"achievement.openInventory":5346,"stat.useItem.minecraft.cauldron":1,"stat.useItem.minecraft.flint_and_steel":444,"stat.useItem.minecraft.wooden_button":5,"stat.useItem.minecraft.dye":6965,"stat.deaths":11,"stat.playOneMinute":7911336,"stat.useItem.minecraft.jungle_stairs":69,"stat.useItem.minecraft.nether_brick":189,"stat.chestOpened":2689,"stat.useItem.minecraft.lapis_ore":10,"stat.useItem.minecraft.stone":3440,"stat.useItem.minecraft.acacia_fence_gate":2,"stat.killEntity.Ghast":5,"stat.useItem.minecraft.ender_chest":7,"stat.useItem.minecraft.clay":1,"stat.useItem.minecraft.packed_ice":59,"stat.useItem.minecraft.quartz_ore":78,"stat.fallOneCm":23982,"stat.useItem.minecraft.trapped_chest":11,"stat.crouchOneCm":332821,"stat.useItem.minecraft.nether_brick_fence":237,"stat.craftItem.minecraft.banner":21,"stat.craftingTableInteraction":33,"stat.useItem.minecraft.dark_oak_fence":172,"stat.useItem.minecraft.furnace":5,"stat.useItem.minecraft.stone_sword":43,"stat.useItem.minecraft.wool":1067,"stat.useItem.minecraft.iron_bars":1023,"stat.flowerPotted":32,"stat.useItem.minecraft.torch":12,"stat.useItem.minecraft.log":297,"stat.useItem.minecraft.comparator":251,"stat.useItem.minecraft.cobblestone":160,"stat.craftItem.minecraft.leather_boots":1,"stat.useItem.minecraft.gravel":231,"stat.useItem.minecraft.cooked_fish":4,"stat.useItem.minecraft.glass_pane":26,"stat.useItem.minecraft.deadbush":96,"stat.useItem.minecraft.birch_door":16,"stat.useItem.minecraft.iron_sword":55,"stat.useItem.minecraft.barrier":5,"stat.useItem.minecraft.jungle_door":10,"stat.useItem.minecraft.wooden_pressure_plate":2,"stat.useItem.minecraft.stonebrick":3910,"stat.useItem.minecraft.monster_egg":936,"stat.useItem.minecraft.spruce_door":64,"stat.useItem.minecraft.fishing_rod":666,"stat.useItem.minecraft.web":368,"stat.useItem.minecraft.brick_stairs":20,"stat.useItem.minecraft.lapis_block":8,"stat.useItem.minecraft.repeater":896,"stat.useItem.minecraft.log2":245,"stat.useItem.minecraft.skull":312,"stat.useItem.minecraft.diamond_sword":793,"stat.swimOneCm":89050,"stat.useItem.minecraft.snow":48,"stat.climbOneCm":89284,"stat.useItem.minecraft.coal_block":4,"stat.enderchestOpened":2,"stat.useItem.minecraft.obsidian":259,"stat.useItem.minecraft.redstone_torch":199,"stat.useItem.minecraft.dirt":1658,"achievement.exploreAllBiomes":{"value":0,"progress":["ForestHills","Plains","TaigaHills","The End","Extreme Hills Edge","Beach","Stone Beach","Jungle","Ice Plains","Ocean","River","Forest","Desert","Taiga","MushroomIsland","Extreme Hills","Swampland","Hell"]},"stat.useItem.minecraft.red_flower":168,"stat.useItem.minecraft.leaves2":2,"stat.useItem.minecraft.iron_ore":84,"stat.useItem.minecraft.brick_block":1,"stat.flyOneCm":106658614,"stat.useItem.minecraft.red_mushroom":6,"stat.useItem.minecraft.cooked_beef":8,"stat.timeSinceDeath":207147,"stat.useItem.minecraft.sign":693,"stat.useItem.minecraft.melon_block":84,"stat.cauldronFilled":1,"stat.useItem.minecraft.wooden_slab":383,"stat.useItem.minecraft.iron_door":2,"stat.killEntity.Wolf":1,"stat.killEntity.Creeper":5,"stat.useItem.minecraft.armor_stand":30,"stat.talkedToVillager":37,"stat.useItem.minecraft.sea_lantern":1462,"stat.entityKilledBy.Skeleton":1,"stat.useItem.minecraft.spruce_fence":174,"stat.useItem.minecraft.written_book":154,"stat.sprintOneCm":3520161,"stat.useItem.minecraft.diamond_block":26,"stat.useItem.minecraft.hay_block":20,"stat.useItem.minecraft.stone_slab":5201,"stat.useItem.minecraft.bed":7,"stat.useItem.minecraft.stone_pressure_plate":46,"stat.killEntity.Endermite":1,"stat.useItem.minecraft.carrot":38,"stat.drop":21,"stat.craftItem.minecraft.leather_chestplate":4,"stat.useItem.minecraft.cake":2,"stat.useItem.minecraft.wooden_sword":10,"stat.killEntity.Sheep":1,"stat.useItem.minecraft.banner":185,"stat.useItem.minecraft.ladder":207,"stat.useItem.minecraft.diamond_ore":61,"stat.useItem.minecraft.melon_seeds":27,"stat.killEntity.Zombie":264,"stat.useItem.minecraft.birch_stairs":30,"stat.diveOneCm":154579,"stat.useItem.minecraft.sticky_piston":56,"stat.useItem.minecraft.quartz_stairs":416,"stat.useItem.minecraft.diamond_axe":68,"stat.useItem.minecraft.carpet":437,"stat.useItem.minecraft.potion":1703,"stat.useItem.minecraft.stained_glass_pane":2119,"stat.useItem.minecraft.rotten_flesh":1,"stat.useItem.minecraft.flower_pot":61,"stat.useItem.minecraft.bedrock":4268,"stat.useItem.minecraft.sand":78,"stat.jump":27615,"stat.useItem.minecraft.piston":98,"stat.useItem.minecraft.mycelium":352,"stat.useItem.minecraft.stone_button":211,"stat.useItem.minecraft.coal_ore":25,"stat.useItem.minecraft.dispenser":11,"stat.useItem.minecraft.glass":513,"stat.useItem.minecraft.redstone_lamp":37,"stat.brewingstandInteraction":6,"stat.damageTaken":16807,"stat.useItem.minecraft.stone_brick_stairs":1157,"stat.dispenserInspected":44,"stat.useItem.minecraft.gold_block":2,"stat.useItem.minecraft.acacia_door":22,"stat.killEntity.CaveSpider":4,"stat.useItem.minecraft.end_portal_frame":9,"stat.useItem.minecraft.birch_fence":593,"stat.damageDealt":172287,"stat.useItem.minecraft.snow_layer":120,"stat.killEntity.Silverfish":3,"stat.useItem.minecraft.crafting_table":25,"stat.killEntity.Pig":3,"stat.useItem.minecraft.command_block":2827,"stat.walkOneCm":14363910,"stat.useItem.minecraft.chest":347,"stat.useItem.minecraft.pumpkin":5,"stat.useItem.minecraft.gold_ore":123,"stat.useItem.minecraft.redstone_block":1103,"stat.useItem.minecraft.item_frame":54,"stat.useItem.minecraft.birch_fence_gate":1,"stat.useItem.minecraft.spruce_stairs":453,"stat.useItem.minecraft.stained_hardened_clay":2029,"stat.useItem.minecraft.leaves":2363,"stat.useItem.minecraft.redstone_ore":10,"stat.useItem.minecraft.netherrack":452,"stat.useItem.minecraft.prismarine":55,"stat.killEntity.Skeleton":28,"stat.killEntity.Chicken":5,"stat.useItem.minecraft.iron_block":23,"stat.killEntity.Spider":1,"stat.mobKills":436,"stat.useItem.minecraft.golden_apple":31,"stat.useItem.minecraft.mossy_cobblestone":248,"stat.useItem.minecraft.cobblestone_wall":243,"stat.useItem.minecraft.writable_book":121,"stat.useItem.minecraft.sandstone":963}